Neil Abercrombie	http://www.ontheissues.org/House/Neil_Abercrombie.htm
Spencer Abraham	http://www.ontheissues.org/Spencer_Abraham.htm
Anibal Acevedo-Vila	http://www.ontheissues.org/House/Anibal_Acevedo-Vila.htm
Gary Ackerman	http://www.ontheissues.org/NY/Gary_Ackerman.htm
Robert Aderholt	http://www.ontheissues.org/House/Robert_Aderholt.htm
Daniel Akaka	http://www.ontheissues.org/Senate/Daniel_Akaka.htm
Todd Akin	http://www.ontheissues.org/House/Todd_Akin.htm
Lamar Alexander	http://www.ontheissues.org/Senate/Lamar_Alexander.htm
Rodney Alexander	http://www.OnTheIssues.org/House/Rodney_Alexander.htm
Wayne Allard	http://www.ontheissues.org/Senate/Wayne_Allard.htm
George Allen	http://www.ontheissues.org/Senate/George_Allen.htm
Tom Allen	http://www.ontheissues.org/House/Tom_Allen.htm
Lincoln Almond	http://www.ontheissues.org/Lincoln_Almond.htm
Rob Andrews	http://www.ontheissues.org/NJ/Rob_Andrews.htm
Frank Annunziata	http://www.issues2000.org/Frank_Annunziata.htm
Robert Antonioni	http://www.MassScorecard.org/MA_Senate/Robert_Antonioni.htm
Bill Archer	http://www.ontheissues.org/TX/Bill_Archer.htm
Dick Armey	http://www.ontheissues.org/TX/Dick_Armey.htm
John Ashcroft	http://www.ontheissues.org/John_Ashcroft.htm
Joe Baca	http://www.ontheissues.org/CA/Joe_Baca.htm
Spencer Bachus	http://www.ontheissues.org/House/Spencer_Bachus.htm
Jan Backus	http://www.ontheissues.org/Senate2000/Jan_Backus.htm
Michael Badnarik	http://www.ontheissues.org/Michael_Badnarik.htm
Steven Baddour	http://www.MassScorecard.org/MA_Senate/Steven_Baddour.htm
Scotty Baesler	http://www.ontheissues.org/House/Scotty_Baesler.htm
Brian Baird	http://www.ontheissues.org/House/Brian_Baird.htm
Bill Baker	http://www.ontheissues.org/CA/Bill_Baker.htm
Richard Hugh Baker	http://www.ontheissues.org/House/Richard_Baker.htm
John Baldacci	http://www.ontheissues.org/House/John_Baldacci.htm
Tammy Baldwin	http://www.ontheissues.org/House/Tammy_Baldwin.htm
Frank Ballance	http://www.OnTheIssues.org/NC/Frank_Ballance.htm
Ben Ballenger	http://www.ontheissues.org/Senate2000/Ben_Ballenger.htm
Cass Ballenger	http://www.ontheissues.org/NC/Cass_Ballenger.htm
James Barcia	http://www.ontheissues.org/MI/James_Barcia.htm
Roy Barnes	http://www.ontheissues.org/Roy_Barnes.htm
Bob Barr	http://www.ontheissues.org/GA/Bob_Barr.htm
Bill Barrett	http://www.ontheissues.org/House/Bill_Barrett.htm
Gresham Barrett	http://www.OnTheIssues.org/House/Gresham_Barrett.htm
Tom Barrett	http://www.ontheissues.org/House/Tom_Barrett.htm
Jarrett Barrios	http://www.MassScorecard.org/MA_Senate/Jarrett_Barrios.htm
Roscoe Bartlett	http://www.ontheissues.org/House/Roscoe_Bartlett.htm
Joe Linus Barton	http://www.ontheissues.org/TX/Joe_Linus_Barton.htm
Chuck Bass	http://www.ontheissues.org/House/Chuck_Bass.htm
Herb Bateman	http://www.ontheissues.org/VA/Herb_Bateman.htm
Max Baucus	http://www.ontheissues.org/Senate/Max_Baucus.htm
Gary Bauer	http://www.ontheissues.org/Gary_Bauer.htm
Evan Bayh	http://www.ontheissues.org/Senate/Evan_Bayh.htm
Bob Beauprez	http://www.OnTheIssues.org/House/Bob_Beauprez.htm
Xavier Becerra	http://www.ontheissues.org/CA/Xavier_Becerra.htm
Chris Bell	http://www.OnTheIssues.org/TX/Chris_Bell.htm
Medea Benjamin	http://www.ontheissues.org/Senate2000/Medea_Benjamin.htm
Robert Bennett	http://www.ontheissues.org/Senate/Robert_Bennett.htm
Ken Bentsen	http://www.ontheissues.org/TX/Ken_Bentsen.htm
Doug Bereuter	http://www.ontheissues.org/House/Doug_Bereuter.htm
Shelley Berkley	http://www.ontheissues.org/House/Shelley_Berkley.htm
Howard Berman	http://www.ontheissues.org/CA/Howard_Berman.htm
Ed Bernstein	http://www.issues2000.org/Ed_Bernstein.htm
Frederick Berry	http://www.MassScorecard.org/MA_Senate/Frederick_Berry.htm
Marion Berry	http://www.ontheissues.org/House/Marion_Berry.htm
Joe Biden	http://www.ontheissues.org/Senate/Joe_Biden.htm
Judy Biggert	http://www.ontheissues.org/IL/Judy_Biggert.htm
Brian Bilbray	http://www.ontheissues.org/CA/Brian_Bilbray.htm
Michael Bilirakis	http://www.ontheissues.org/FL/Michael_Bilirakis.htm
Jeff Bingaman	http://www.ontheissues.org/Senate/Jeff_Bingaman.htm
Tom Birmingham	http://www.ontheissues.org/Tom_Birmingham.htm
Rob Bishop	http://www.OnTheIssues.org/House/Rob_Bishop.htm
Sanford Bishop	http://www.ontheissues.org/GA/Sanford_Bishop.htm
Tim Bishop	http://www.OnTheIssues.org/NY/Tim_Bishop.htm
Marsha Blackburn	http://www.OnTheIssues.org/House/Marsha_Blackburn.htm
Rod Blagojevich	http://www.ontheissues.org/IL/Rod_Blagojevich.htm
Tom Bliley	http://www.ontheissues.org/VA/Tom_Bliley.htm
Alan Blinken	http://www.issues2000.org/Alan_Blinken.htm
Earl Blumenauer	http://www.ontheissues.org/House/Earl_Blumenauer.htm
Roy Blunt	http://www.ontheissues.org/House/Roy_Blunt.htm
Peter Blute	http://www.ontheissues.org/MA/Peter_Blute.htm
Sherry Boehlert	http://www.ontheissues.org/NY/Sherry_Boehlert.htm
John Boehner	http://www.ontheissues.org/OH/John_Boehner.htm
Kit Bond	http://www.ontheissues.org/Senate/Kit_Bond.htm
Henry Bonilla	http://www.ontheissues.org/TX/Henry_Bonilla.htm
David Bonior	http://www.ontheissues.org/MI/David_Bonior.htm
Jo Bonner	http://www.OnTheIssues.org/House/Jo_Bonner.htm
Mary Bono	http://www.ontheissues.org/CA/Mary_Bono.htm
Sonny Bono	http://www.ontheissues.org/CA/Sonny_Bono.htm
Robert Borski	http://www.ontheissues.org/PA/Robert_Borski.htm
Leonard Boswell	http://www.ontheissues.org/House/Leonard_Boswell.htm
Rick Boucher	http://www.ontheissues.org/VA/Rick_Boucher.htm
Carlton Bowen	http://www.issues2000.org/Carlton_Bowen.htm
Erskine Bowles	http://www.ontheissues.org/Senate/Erskine_Bowles.htm
Barbara Boxer	http://www.ontheissues.org/Senate/Barbara_Boxer.htm
Allen Boyd	http://www.ontheissues.org/FL/Allen_Boyd.htm
Bill Bradbury	http://www.issues2000.org/Bill_Bradbury.htm
Bill Bradley	http://www.ontheissues.org/Bill_Bradley.htm
Jeb Bradley	http://www.OnTheIssues.org/House/Jeb_Bradley.htm
Kevin Brady	http://www.ontheissues.org/TX/Kevin_Brady.htm
Robert Brady	http://www.ontheissues.org/PA/Robert_Brady.htm
John Breaux	http://www.ontheissues.org/Senate/John_Breaux.htm
Phil Bredesen	http://www.ontheissues.org/Phil_Bredesen.htm
Stephen Brewer	http://www.MassScorecard.org/MA_Senate/Stephen_Brewer.htm
Stephen Breyer	http://www.ontheissues.org/Stephen_Breyer.htm
Susan Brooks	http://www.ontheissues.org/CA/Susan_Brooks.htm
Corrine Brown	http://www.ontheissues.org/FL/Corrine_Brown.htm
George Brown	http://www.ontheissues.org/CA/George_Brown.htm
Hank Brown	http://www.ontheissues.org/Senate/Hank_Brown.htm
Henry Brown	http://www.ontheissues.org/House/Henry_Brown.htm
Sherrod Brown	http://www.ontheissues.org/OH/Sherrod_Brown.htm
Troy Brown	http://www.ontheissues.org/Senate2000/Troy_Brown.htm
Sam Brownback	http://www.ontheissues.org/Senate/Sam_Brownback.htm
Harry Browne	http://www.ontheissues.org/Harry_Browne.htm
Ginny Brown-Waite	http://www.OnTheIssues.org/FL/Ginny_Brown-Waite.htm
Richard Bryan	http://www.ontheissues.org/Senate/Richard_Bryan.htm
Ed Bryant	http://www.ontheissues.org/House/Ed_Bryant.htm
Pat Buchanan	http://www.ontheissues.org/Pat_Buchanan.htm
Dale Bumpers	http://www.ontheissues.org/Senate/Dale_Bumpers.htm
Jim Bunning	http://www.ontheissues.org/Senate/Jim_Bunning.htm
Michael Burgess	http://www.OnTheIssues.org/TX/Michael_Burgess.htm
Conrad Burns	http://www.ontheissues.org/Senate/Conrad_Burns.htm
Max Burns	http://www.OnTheIssues.org/GA/Max_Burns.htm
Richard Burr	http://www.ontheissues.org/NC/Richard_Burr.htm
Tom Burrell	http://www.ontheissues.org/Senate2000/Tom_Burrell.htm
Dan Burton	http://www.ontheissues.org/IN/Dan_Burton.htm
George Bush Sr.	http://www.ontheissues.org/George_Bush_Sr_.htm
George W. Bush	http://www.ontheissues.org/George_W__Bush.htm
Jeb Bush	http://www.ontheissues.org/Jeb_Bush.htm
Steve Buyer	http://www.ontheissues.org/IN/Steve_Buyer.htm
Robert Byrd	http://www.ontheissues.org/Senate/Robert_Byrd.htm
Sila Calderon	http://www.ontheissues.org/Sila_Calderon.htm
Sonny Callahan	http://www.ontheissues.org/House/Sonny_Callahan.htm
Ken Calvert	http://www.ontheissues.org/CA/Ken_Calvert.htm
Jose Camahort	http://www.ontheissues.org/Senate2000/Jose_Camahort.htm
Dave Camp	http://www.ontheissues.org/MI/Dave_Camp.htm
Ben Nighthorse Campbell	http://www.ontheissues.org/Senate/Ben_Nighthorse_Campbell
Tom Campbell	http://www.ontheissues.org/CA/Tom_Campbell.htm
Charles Canady	http://www.ontheissues.org/FL/Charles_Canady.htm
Chris Cannon	http://www.ontheissues.org/House/Chris_Cannon.htm
Eric Cantor	http://www.ontheissues.org/VA/Eric_Cantor.htm
Maria Cantwell	http://www.ontheissues.org/Senate/Maria_Cantwell.htm
Shelley Moore Capito	http://www.ontheissues.org/House/Shelley_Capito.htm
Lois Capps	http://www.ontheissues.org/CA/Lois_Capps.htm
Michael Capuano	http://www.ontheissues.org/MA/Michael_Capuano.htm
Benjamin Cardin	http://www.ontheissues.org/House/Benjamin_Cardin.htm
Dennis Cardoza	http://www.OnTheIssues.org/CA/Dennis_Cardoza.htm
Jean Carnahan	http://www.ontheissues.org/Senate/Jean_Carnahan.htm
Mel Carnahan	http://www.ontheissues.org/Senate2000/Mel_Carnahan.htm
Tom Carper	http://www.ontheissues.org/Senate/Tom_Carper.htm
Brad Carson	http://www.ontheissues.org/House/Brad_Carson.htm
Julia Carson	http://www.ontheissues.org/IN/Julia_Carson.htm
Jimmy Carter	http://www.ontheissues.org/Jimmy_Carter.htm
John Carter	http://www.OnTheIssues.org/TX/John_Carter.htm
Ed Case	http://www.OnTheIssues.org/House/Ed_Case.htm
Michael Castle	http://www.ontheissues.org/House/Michael_Castle.htm
Ben Cayetano	http://www.ontheissues.org/Ben_Cayetano.htm
Ted Celeste	http://www.ontheissues.org/Senate2000/Ted_Celeste.htm
Paul Celucci	http://www.ontheissues.org/Paul_Celucci.htm
Steve Chabot	http://www.ontheissues.org/OH/Steve_Chabot.htm
John Chafee	http://www.ontheissues.org/Senate/John_Chafee.htm
Lincoln Chafee	http://www.ontheissues.org/Senate/Lincoln_Chafee.htm
Saxby Chambliss	http://www.issues2000.org/Saxby_Chambliss.htm
Harriette Chandler	http://www.MassScorecard.org/MA_Senate/Harriette_Chandler.htm
Hazel Chandler	http://www.ontheissues.org/Senate2000/Hazel_Chandler.htm
Elaine Chao	http://www.ontheissues.org/Elaine_Chao.htm
Dick Cheney	http://www.ontheissues.org/Dick_Cheney.htm
Helen Chenoweth	http://www.ontheissues.org/House/Helen_Chenoweth.htm
Chris Chocola	http://www.OnTheIssues.org/IN/Chris_Chocola.htm
Noam Chomsky	http://www.ontheissues.org/Noam_Chomsky.htm
Donna Christensen	http://www.ontheissues.org/House/Donna_Christensen.htm
Jon Christensen	http://www.ontheissues.org/House/Jon_Christensen.htm
Dick Chrysler	http://www.ontheissues.org/MI/Dick_Chrysler.htm
Jeff Clark	http://www.ontheissues.org/Senate2000/Jeff_Clark.htm
Wesley Clark	http://www.ontheissues.org/2004/Wesley_Clark.htm
Ray Clatworthy	http://www.issues2000.org/Ray_Clatworthy.htm
William Lacy Clay	http://www.ontheissues.org/House/Bill_Clay.htm
Eva Clayton	http://www.ontheissues.org/NC/Eva_Clayton.htm
Max Cleland	http://www.ontheissues.org/Senate/Max_Cleland.htm
Bob Clement	http://www.ontheissues.org/House/Bob_Clement.htm
Bill Clinger	http://www.ontheissues.org/PA/Bill_Clinger.htm
Bill Clinton	http://www.ontheissues.org/Bill_Clinton.htm
Hillary Clinton	http://www.ontheissues.org/Senate/Hillary_Clinton.htm
James Clyburn	http://www.ontheissues.org/House/James_Clyburn.htm
Daniel Coats	http://www.ontheissues.org/Senate/Daniel_Coats.htm
John Howard Coble	http://www.ontheissues.org/NC/John_Coble.htm
Tom Coburn	http://www.ontheissues.org/House/Tom_Coburn.htm
Thad Cochran	http://www.ontheissues.org/Senate/Thad_Cochran.htm
Burt Cohen	http://www.ontheissues.org/Senate/Burt_Cohen.htm
William Cohen	http://www.ontheissues.org/Senate/William_Cohen.htm
Tom Cole	http://www.OnTheIssues.org/House/Tom_Cole.htm
Norm Coleman	http://www.issues2000.org/Norm_Coleman.htm
Mac Collins	http://www.ontheissues.org/GA/Mac_Collins.htm
Susan Collins	http://www.ontheissues.org/Senate/Susan_Collins.htm
Larry Combest	http://www.ontheissues.org/TX/Larry_Combest.htm
Gary Condit	http://www.ontheissues.org/CA/Gary_Condit.htm
Kent Conrad	http://www.ontheissues.org/Senate/Kent_Conrad.htm
John Conyers	http://www.ontheissues.org/MI/John_Conyers.htm
Merrill Cook	http://www.ontheissues.org/House/Merrill_Cook.htm
John Cooksey	http://www.ontheissues.org/House/John_Cooksey.htm
Wes Cooley	http://www.ontheissues.org/House/Wes_Cooley.htm
Jim Cooper	http://www.OnTheIssues.org/House/Jim_Cooper.htm
Joyce Jansa Corcoran	http://www.issues2000.org/Joyce_Jansa_Corcoran.htm
John Cornyn	http://www.issues2000.org/John_Cornyn.htm
Jon Corzine	http://www.ontheissues.org/Senate/Jon_Corzine.htm
Jerry Costello	http://www.ontheissues.org/IL/Jerry_Costello.htm
Paul Coverdell	http://www.ontheissues.org/Senate/Paul_Coverdell.htm
Christopher Cox	http://www.ontheissues.org/CA/Christopher_Cox.htm
William Coyne	http://www.ontheissues.org/PA/William_Coyne.htm
Larry Craig	http://www.ontheissues.org/Senate/Larry_Craig.htm
Bud Cramer	http://www.ontheissues.org/House/Bud_Cramer.htm
Philip Crane	http://www.ontheissues.org/IL/Philip_Crane.htm
Michael Crapo	http://www.ontheissues.org/Senate/Michael_Crapo.htm
Robert Creedon	http://www.MassScorecard.org/MA_Senate/Robert_Creedon.htm
Cynthia Creem	http://www.MassScorecard.org/MA_Senate/Cynthia_Creem.htm
Frank Cremeans	http://www.ontheissues.org/OH/Frank_Cremeans.htm
Ander Crenshaw	http://www.ontheissues.org/FL/Ander_Crenshaw.htm
Joseph Crowley	http://www.ontheissues.org/NY/Joseph_Crowley.htm
Barbara Cubin	http://www.ontheissues.org/House/Barbara_Cubin.htm
John Culberson	http://www.ontheissues.org/TX/John_Culberson.htm
Elijah Cummings	http://www.ontheissues.org/House/Elijah_Cummings.htm
Duke Cunningham	http://www.ontheissues.org/CA/Duke_Cunningham.htm
Andrew Cuomo	http://www.ontheissues.org/Andrew_Cuomo.htm
Mario Cuomo	http://www.ontheissues.org/Mario_Cuomo.htm
Al D'Amato	http://www.ontheissues.org/Senate/Al_D_Amato.htm
Pat Danner	http://www.ontheissues.org/House/Pat_Danner.htm
Tom Daschle	http://www.ontheissues.org/Senate/Tom_Daschle.htm
Artur Davis	http://www.OnTheIssues.org/House/Artur_Davis.htm
Danny Davis	http://www.ontheissues.org/IL/Danny_Davis.htm
Gray Davis	http://www.ontheissues.org/Gray_Davis.htm
Jim Davis	http://www.ontheissues.org/FL/Jim_Davis.htm
Jo Ann Davis	http://www.ontheissues.org/VA/Jo_Ann_Davis.htm
Lincoln Davis	http://www.OnTheIssues.org/House/Lincoln_Davis.htm
Susan Davis	http://www.ontheissues.org/CA/Susan_Davis.htm
Tom Davis	http://www.ontheissues.org/VA/Tom_Davis.htm
Mark Dayton	http://www.ontheissues.org/Senate/Mark_Dayton.htm
Nathan Deal	http://www.ontheissues.org/GA/Nathan_Deal.htm
Howard Dean	http://www.ontheissues.org/Howard_Dean.htm
Peter Defazio	http://www.ontheissues.org/House/Peter_Defazio.htm
Diana DeGette	http://www.ontheissues.org/House/Diana_DeGette.htm
Bill Delahunt	http://www.ontheissues.org/MA/Bill_Delahunt.htm
Rosa DeLauro	http://www.ontheissues.org/House/Rosa_DeLauro.htm
Tom DeLay	http://www.ontheissues.org/TX/Tom_DeLay.htm
Jim DeMint	http://www.ontheissues.org/House/Jim_DeMint.htm
Peter Deutsch	http://www.ontheissues.org/FL/Peter_Deutsch.htm
Mike DeWine	http://www.ontheissues.org/Senate/Mike_DeWine.htm
Jim Dexter	http://www.ontheissues.org/Senate2000/Jim_Dexter.htm
Lincoln Diaz-Balart	http://www.ontheissues.org/FL/Lincoln_Diaz-Balart.htm
Mario Diaz-Balart	http://www.OnTheIssues.org/FL/Mario_Diaz-Balart.htm
Jay Dickey	http://www.ontheissues.org/House/Jay_Dickey.htm
Norm Dicks	http://www.ontheissues.org/House/Norm_Dicks.htm
Donny DiFrancesco	http://www.ontheissues.org/Donny_DiFrancesco.htm
John Dingell	http://www.ontheissues.org/MI/John_Dingell.htm
Julian Dixon	http://www.ontheissues.org/CA/Julian_Dixon.htm
Princella Dixon	http://www.ontheissues.org/Senate2000/Princella_Dixon.htm
Chris Dodd	http://www.ontheissues.org/Senate/Chris_Dodd.htm
Lloyd Doggett	http://www.ontheissues.org/TX/Lloyd_Doggett.htm
Bob Dole	http://www.ontheissues.org/Senate/Bob_Dole.htm
Elizabeth Dole	http://www.ontheissues.org/Elizabeth_Dole.htm
Pete Domenici	http://www.ontheissues.org/Senate/Pete_Domenici.htm
Cal Dooley	http://www.ontheissues.org/CA/Cal_Dooley.htm
John Doolittle	http://www.ontheissues.org/CA/John_Doolittle.htm
Byron Dorgan	http://www.ontheissues.org/Senate/Byron_Dorgan.htm
Bob Dornan	http://www.ontheissues.org/CA/Bob_Dornan.htm
Jim Douglas	http://www.ontheissues.org/Jmi_Douglas.htm
Eugene Douglass	http://www.ontheissues.org/Senate2000/Eugene_Douglass.htm
Mike Doyle	http://www.ontheissues.org/PA/Mike_Doyle.htm
David Dreier	http://www.ontheissues.org/CA/David_Dreier.htm
Jimmy Duncan	http://www.ontheissues.org/House/Jimmy_Duncan.htm
Jennifer Dunn	http://www.ontheissues.org/House/Jennifer_Dunn.htm
Richard Durbin	http://www.ontheissues.org/Senate/Richard_Durbin.htm
James Durkin	http://www.issues2000.org/James_Durkin.htm
Mark Earley	http://www.ontheissues.org/Mark_Earley.htm
Mike Easley	http://www.ontheissues.org/Mike_Easley.htm
John Eastman	http://www.ontheissues.org/Senate2000/John_Eastman.htm
Chet Edwards	http://www.ontheissues.org/TX/Chet_Edwards.htm
John Edwards	http://www.ontheissues.org/Senate/John_Edwards.htm
Vernon Ehlers	http://www.ontheissues.org/MI/Vernon_Ehlers.htm
Robert Ehrlich	http://www.ontheissues.org/House/Robert_Ehrlich.htm
Rahm Emanuel	http://www.OnTheIssues.org/IL/Rahm_Emanuel.htm
Bill Emerson	http://www.ontheissues.org/House/Bill_Emerson.htm
Jo Ann Emerson	http://www.ontheissues.org/House/Jo_Ann_Emerson.htm
Eliot Engel	http://www.ontheissues.org/NY/Eliot_Engel.htm
John Engler	http://www.ontheissues.org/John_Engler.htm
Phil English	http://www.ontheissues.org/PA/Phil_English.htm
John Ensign	http://www.ontheissues.org/Senate/John_Ensign.htm
Michael Enzi	http://www.ontheissues.org/Senate/Michael_Enzi.htm
Anna Eshoo	http://www.ontheissues.org/CA/Anna_Eshoo.htm
Bob Etheridge	http://www.ontheissues.org/NC/Bob_Etheridge.htm
Donald Evans	http://www.ontheissues.org/Donald_Evans.htm
Lane Evans	http://www.ontheissues.org/IL/Lane_Evans.htm
Larry Evans	http://www.ontheissues.org/Senate2000/Larry_Evans.htm
Terry Everett	http://www.ontheissues.org/House/Terry_Everett.htm
Thomas Ewing	http://www.ontheissues.org/IL/Thomas_Ewing.htm
Jim Exon	http://www.ontheissues.org/Senate/Jim_Exon.htm
Lauch Faircloth	http://www.ontheissues.org/Senate/Lauch_Faircloth.htm
Eni Faleomavaega	http://www.ontheissues.org/House/Eni_Faleomavaega.htm
Susan Fargo	http://www.MassScorecard.org/MA_Senate/Susan_Fargo.htm
Sam Farr	http://www.ontheissues.org/CA/Sam_Farr.htm
Chaka Fattah	http://www.ontheissues.org/PA/Chaka_Fattah.htm
Harris Fawell	http://www.ontheissues.org/IL/Harris_Fawell.htm
Vic Fazio	http://www.ontheissues.org/CA/Vic_Fazio.htm
John Featherman	http://www.ontheissues.org/Senate2000/John_Featherman.htm
Tom Feeney	http://www.OnTheIssues.org/FL/Tom_Feeney.htm
Russell Feingold	http://www.ontheissues.org/Senate/Russell_Feingold.htm
Dianne Feinstein	http://www.ontheissues.org/Senate/Dianne_Feinstein.htm
Mike Ferguson	http://www.ontheissues.org/NJ/Mike_Ferguson.htm
Jack Fields	http://www.ontheissues.org/TX/Jack_Fields.htm
Bob Filner	http://www.ontheissues.org/CA/Bob_Filner.htm
Peter Fitzgerald	http://www.ontheissues.org/Senate/Peter_Fitzgerald.htm
Jeff Flake	http://www.ontheissues.org/House/Jeff_Flake.htm
Ed Flanagan	http://www.ontheissues.org/Senate2000/Ed_Flanagan.htm
Mike Flanagan	http://www.ontheissues.org/IL/Mike_Flanagan.htm
Ernie Fletcher	http://www.ontheissues.org/House/Ernie_Fletcher.htm
Hugh Foley	http://www.ontheissues.org/Senate2000/Hugh_Foley.htm
Mark Foley	http://www.ontheissues.org/FL/Mark_Foley.htm
Michael Forbes	http://www.ontheissues.org/NY/Michael_Forbes.htm
Randy Forbes	http://www.ontheissues.org/VA/Randy_Forbes.htm
Steve Forbes	http://www.ontheissues.org/Steve_Forbes.htm
Gerald Ford	http://www.ontheissues.org/Gerald_Ford.htm
Harold Ford	http://www.ontheissues.org/House/Harold_Ford.htm
Wendell Ford	http://www.ontheissues.org/Senate/Wendell_Ford.htm
Kirk Fordice	http://www.ontheissues.org/Kirk_Fordice.htm
Douglas Forrester	http://www.issues2000.org/Douglas_Forrester.htm
Vito Fossella	http://www.ontheissues.org/NY/Vito_Fossella.htm
Mike Foster	http://www.ontheissues.org/Mike_Foster.htm
Tillie Fowler	http://www.ontheissues.org/FL/Tillie_Fowler.htm
Jon Fox	http://www.ontheissues.org/PA/Jon_Fox.htm
Barney Frank	http://www.ontheissues.org/MA/Barney_Frank.htm
Gary Franks	http://www.ontheissues.org/House/Gary_Franks.htm
Robert Franks	http://www.ontheissues.org/NJ/Robert_Franks.htm
Trent Franks	http://www.OnTheIssues.org/House/Trent_Franks.htm
Rodney Frelinghuysen	http://www.ontheissues.org/NJ/Rodney_Frelinghuysen.htm
Milton Friedman	http://www.ontheissues.org/Milton_Friedman.htm
Daniel Frisa	http://www.ontheissues.org/NY/Daniel_Frisa.htm
Bill Frist	http://www.ontheissues.org/Senate/Bill_Frist.htm
Martin Frost	http://www.ontheissues.org/TX/Martin_Frost.htm
David Funderburk	http://www.ontheissues.org/NC/David_Funderburk.htm
Elizabeth Furse	http://www.ontheissues.org/House/Elizabeth_Furse.htm
David Gallaher	http://www.ontheissues.org/Senate2000/David_Gallaher.htm
Elton Gallegly	http://www.ontheissues.org/CA/Elton_Gallegly.htm
William Galvin	http://www.ontheissues.org/William_Galvin.htm
Greg Ganske	http://www.ontheissues.org/House/Greg_Ganske.htm
Scott Garrett	http://www.OnTheIssues.org/NJ/Scott_Garrett.htm
Lauren Beth Gash	http://www.issues2000.org/Lauren_Beth_Gash.htm
Jeff Gates	http://www.ontheissues.org/Senate2000/Jeff_Gates.htm
Sam Gejdenson	http://www.ontheissues.org/House/Sam_Gejdenson.htm
George Gekas	http://www.ontheissues.org/PA/George_Gekas.htm
Dick Gephardt	http://www.ontheissues.org/House/Dick_Gephardt.htm
Jim Geringer	http://www.ontheissues.org/Jim_Geringer.htm
Jim Gerlach	http://www.OnTheIssues.org/PA/Jim_Gerlach.htm
Jim Gibbons	http://www.ontheissues.org/House/Jim_Gibbons.htm
James Gibson	http://www.ontheissues.org/Senate2000/James_Gibson.htm
Wayne Gilchrest	http://www.ontheissues.org/House/Wayne_Gilchrest.htm
Jim Giles	http://www.ontheissues.org/Senate2000/Jim_Giles.htm
John Gillespie	http://www.ontheissues.org/Senate2000/John_Gillespie.htm
Paul Gillmor	http://www.ontheissues.org/OH/Paul_Gillmor.htm
Benjamin Gilman	http://www.ontheissues.org/NY/Benjamin_Gilman.htm
Jim Gilmore	http://www.ontheissues.org/Jim_Gilmore.htm
Phil Gingrey	http://www.OnTheIssues.org/GA/Phil_Gingrey.htm
Newt Gingrich	http://www.ontheissues.org/Newt_Gingrich.htm
Ruth Bader Ginsburg	http://www.ontheissues.org/Ruth_Bader_Ginsburg.htm
Philip Giordano	http://www.ontheissues.org/Senate2000/Philip_Giordano.htm
Rudy Giuliani	http://www.ontheissues.org/Rudy_Giuliani.htm
Parris Glendening	http://www.ontheissues.org/Parris_Glendening.htm
John Glenn	http://www.ontheissues.org/Senate/John_Glenn.htm
Guy Glodis	http://www.MassScorecard.org/MA_Senate/Guy_Glodis.htm
Nat Goldhaber	http://www.issues2000.org/Nat_Goldhaber.htm
Charlie Gonzalez	http://www.ontheissues.org/TX/Charlie_Gonzale.htmz
Virgil Goode	http://www.ontheissues.org/VA/Virgil_Goode.htm
Bob Goodlatte	http://www.ontheissues.org/VA/Bob_Goodlatte.htm
Bill Goodling	http://www.ontheissues.org/PA/Bill_Goodling.htm
Bart Gordon	http://www.ontheissues.org/House/Bart_Gordon.htm
Jesse Gordon	http://www.ontheissues.org/Jesse_Gordon.htm
Al Gore	http://www.ontheissues.org/Al_Gore.htm
Tipper Gore	http://www.ontheissues.org/Senate/Tipper_Gore.htm
Slade Gorton	http://www.ontheissues.org/Senate/Slade_Gorton.htm
Porter Goss	http://www.ontheissues.org/FL/Porter_Goss.htm
Bob Graham	http://www.ontheissues.org/Senate/Bob_Graham.htm
Lindsey Graham	http://www.ontheissues.org/House/Lindsey_Graham.htm
Phil Gramm	http://www.ontheissues.org/Senate/Phil_Gramm.htm
Rod Grams	http://www.ontheissues.org/Senate/Rod_Grams.htm
Kay Granger	http://www.ontheissues.org/TX/Kay_Granger.htm
Jennifer Granholm	http://www.ontheissues.org/Jennifer_Granholm.htm
Chuck Grassley	http://www.ontheissues.org/Senate/Chuck_Grassley.htm
Bill Graves	http://www.ontheissues.org/Bill_Graves.htm
Samuel Graves	http://www.ontheissues.org/House/Samuel_Graves.htm
Gene Green	http://www.ontheissues.org/TX/Gene_Green.htm
Mark Green	http://www.ontheissues.org/House/Mark_Green.htm
Richard C. Green	http://www.ontheissues.org/Senate2000/Richard_C__Green.htm
Jim Greenwood	http://www.ontheissues.org/PA/Jim_Greenwood.htm
Judd Gregg	http://www.ontheissues.org/Senate/Judd_Gregg.htm
Raul Grijalva	http://www.OnTheIssues.org/House/Raul_Grijalva.htm
Steve Grossman	http://www.ontheissues.org/Steve_Grossman.htm
Felix Grucci	http://www.ontheissues.org/NY/Felix_Grucci.htm
Kenny Guinn	http://www.ontheissues.org/Kenny_Guinn.htm
Steve Gunderson	http://www.ontheissues.org/House/Steve_Gunderson.htm
Carl Gutierrez	http://www.ontheissues.org/Carl_Gutierre.htmz
Luis Gutierrez	http://www.ontheissues.org/IL/Luis_Gutierre.htmz
Gil Gutknecht	http://www.ontheissues.org/House/Gil_Gutknecht.htm
Chuck Hagel	http://www.ontheissues.org/Senate/Chuck_Hagel.htm
John Hagelin	http://www.ontheissues.org/John_Hagelin.htm
John Hager	http://www.ontheissues.org/John_Hager.htm
James Hall	http://www.ontheissues.org/Senate2000/James_Hall.htm
Ralph Moody Hall	http://www.ontheissues.org/TX/Ralph_Moody_Hall.htm
Tony Hall	http://www.ontheissues.org/OH/Tony_Hall.htm
Lee Hamilton	http://www.ontheissues.org/IN/Lee_Hamilton.htm
Mel Hancock	http://www.ontheissues.org/House/Mel_Hancock.htm
James Hansen	http://www.ontheissues.org/House/James_Hansen.htm
Tom Harkin	http://www.ontheissues.org/Senate/Tom_Harkin.htm
Jane Harman	http://www.ontheissues.org/CA/Jane_Harman.htm
Katherine Harris	http://www.ontheissues.org/FL/Katherine_Harris.htm
John Hart	http://www.MassScorecard.org/MA_Senate/John_Hart.htm
Melissa Hart	http://www.ontheissues.org/PA/Melissa_Hart.htm
Denny Hastert	http://www.ontheissues.org/IL/Denny_Hastert.htm
Alcee Hastings	http://www.ontheissues.org/FL/Alcee_Hastings.htm
Doc Hastings	http://www.ontheissues.org/House/Doc_Hastings.htm
Orrin Hatch	http://www.ontheissues.org/Senate/Orrin_Hatch.htm
Mark Hatfield	http://www.ontheissues.org/Senate/Mark_Hatfield.htm
Robert Havern	http://www.MassScorecard.org/MA_Senate/Robert_Havern.htm
Robin Hayes	http://www.ontheissues.org/NC/Robin_Hayes.htm
J.D. Hayworth	http://www.ontheissues.org/House/J_D__Hayworth.htm
Robert Hedlund	http://www.MassScorecard.org/MA_Senate/Robert_Hedlund.htm
Joel Hefley	http://www.ontheissues.org/House/Joel_Hefley.htm
Bill Hefner	http://www.ontheissues.org/NC/Bill_Hefner.htm
Fred Heineman	http://www.ontheissues.org/NC/Fred_Heineman.htm
Jesse Helms	http://www.ontheissues.org/Senate/Jesse_Helms.htm
Jeb Hensarling	http://www.OnTheIssues.org/TX/Jeb_Hensarling.htm
Wally Herger	http://www.ontheissues.org/CA/Wally_Herger.htm
Baron Hill	http://www.ontheissues.org/IN/Baron_Hill.htm
Rick Hill	http://www.ontheissues.org/House/Rick_Hill.htm
Van Hilleary	http://www.ontheissues.org/House/Van_Hilleary.htm
Earl Hilliard	http://www.ontheissues.org/House/Earl_Hilliard.htm
Maurice Hinchey	http://www.ontheissues.org/NY/Maurice_Hinchey.htm
Ruben Hinojosa	http://www.ontheissues.org/TX/Ruben_Hinojosa.htm
Dave Hobson	http://www.ontheissues.org/OH/Dave_Hobson.htm
Jim Hodges	http://www.ontheissues.org/Jim_Hodges.htm
Joseph Hoeffel	http://www.ontheissues.org/PA/Joseph_Hoeffel.htm
Peter Hoekstra	http://www.ontheissues.org/MI/Peter_Hoekstra.htm
John Hoeven	http://www.ontheissues.org/John_Hoeven.htm
Martin Hoke	http://www.ontheissues.org/OH/Martin_Hoke.htm
Bob Holden	http://www.ontheissues.org/Bob_Holden.htm
Tim Holden	http://www.ontheissues.org/PA/Tim_Holden.htm
Fritz Hollings	http://www.ontheissues.org/Senate/Fritz_Hollings.htm
Rush Holt	http://www.ontheissues.org/NJ/Rush_Holt.htm
Mike Honda	http://www.ontheissues.org/CA/Mike_Honda.htm
Darlene Hooley	http://www.ontheissues.org/House/Darlene_Hooley.htm
Steve Hopkins	http://www.ontheissues.org/Senate2000/Steve_Hopkins.htm
Steve Horn	http://www.ontheissues.org/CA/Steve_Horn.htm
John Hostettler	http://www.ontheissues.org/IN/John_Hostettler.htm
Amo Houghton	http://www.ontheissues.org/NY/Amo_Houghton.htm
Carla Howell	http://www.ontheissues.org/Carla_Howell.htm
Scott Howell	http://www.ontheissues.org/Senate2000/Scott_Howell.htm
Steny Hoyer	http://www.ontheissues.org/House/Steny_Hoyer.htm
Rick Hubbard	http://www.ontheissues.org/Senate2000/Rick_Hubbard.htm
Mike Huckabee	http://www.ontheissues.org/Mike_Huckabee.htm
Arianna Huffington	http://www.ontheissues.org/Arianna_Huffington.htm
Jane Dee Hull	http://www.ontheissues.org/Jane_Dee_Hull.htm
Kenny Hulshof	http://www.ontheissues.org/House/Kenny_Hulshof.htm
James Hunt	http://www.ontheissues.org/James_Hunt.htm
Duncan Hunter	http://www.ontheissues.org/CA/Duncan_Hunter.htm
Asa Hutchinson	http://www.ontheissues.org/Asa_Hutchinson.htm
Tim Hutchinson	http://www.ontheissues.org/Senate/Tim_Hutchinson.htm
Kay Bailey Hutchison	http://www.ontheissues.org/Senate/Kay_Bailey_Hutchison.htm
Henry Hyde	http://www.ontheissues.org/IL/Henry_Hyde.htm
Bob Inglis	http://www.ontheissues.org/House/Bob_Inglis.htm
James Inhofe	http://www.ontheissues.org/Senate/James_Inhofe.htm
Daniel Inouye	http://www.ontheissues.org/Senate/Daniel_Inouye.htm
Jay Inslee	http://www.ontheissues.org/House/Jay_Inslee.htm
Johnny Isakson	http://www.ontheissues.org/GA/Johnny_Isakson.htm
Steve Israel	http://www.ontheissues.org/NY/Steve_Israel.htm
Darrell Issa	http://www.ontheissues.org/CA/Darrell_Issa.htm
Ernest Istook	http://www.ontheissues.org/House/Ernest_Istook.htm
Jesse Louis Jackson	http://www.ontheissues.org/IL/Jesse_Jackson.htm
Rev. Jesse Jackson	http://www.ontheissues.org/Rev__Jesse_Jackson.htm
Cheryl Jacques	http://www.MassScorecard.org/MA_Senate/Cheryl_Jacques.htm
Bill Janklow	http://www.ontheissues.org/Bill_Janklow.htm
Jeff Jared	http://www.ontheissues.org/Senate2000/Jeff_Jared.htm
William Jefferson	http://www.ontheissues.org/House/William_Jefferson.htm
Jim Jeffords	http://www.ontheissues.org/Senate/Jim_Jeffords.htm
Bill Jenkins	http://www.ontheissues.org/House/Bill_Jenkins.htm
Mike Johanns	http://www.ontheissues.org/Mike_Johanns.htm
Chris John	http://www.ontheissues.org/House/Chris_John.htm
Charles Johnson	http://www.ontheissues.org/Senate2000/Charles_Johnson.htm
David Johnson	http://www.ontheissues.org/Senate2000/David_Johnson.htm
Eddie Bernice Johnson	http://www.ontheissues.org/TX/Eddie_Johnson.htm
Gary Johnson	http://www.ontheissues.org/Gary_Johnson.htm
Nancy Lee Johnson	http://www.ontheissues.org/House/Nancy_Johnson.htm
Sam Johnson	http://www.ontheissues.org/TX/Sam_Johnson.htm
Tim Johnson	http://www.ontheissues.org/Senate/Tim_Johnson.htm
Timothy Johnson	http://www.ontheissues.org/IL/Timothy_Johnson.htm
Bennett Johnston	http://www.ontheissues.org/Senate/Bennett_Johnston.htm
Stephanie Tubbs Jones	http://www.ontheissues.org/OH/Stephanie_Tubbs_Jones.htm
Walter Beaman Jones	http://www.ontheissues.org/NC/Walter_Beaman_Jones.htm
Brian Joyce	http://www.MassScorecard.org/MA_Senate/Brian_Joyce.htm
Paul Kanjorski	http://www.ontheissues.org/PA/Paul_Kanjorski.htm
Marcy Kaptur	http://www.ontheissues.org/OH/Marcy_Kaptur.htm
John Kasich	http://www.ontheissues.org/OH/John_Kasich.htm
Nancy Kassebaum	http://www.ontheissues.org/Senate/Nancy_Kassebaum.htm
Frank Keating	http://www.ontheissues.org/Frank_Keating.htm
Ric Keller	http://www.ontheissues.org/FL/Ric_Keller.htm
Gene Kelley	http://www.ontheissues.org/Senate2000/Gene_Kelley.htm
Sue Kelly	http://www.ontheissues.org/NY/Sue_Kelly.htm
Dirk Kempthorne	http://www.ontheissues.org/Senate/Dirk_Kempthorne.htm
Anthony Kennedy	http://www.ontheissues.org/Anthony_Kennedy.htm
Mark Kennedy	http://www.ontheissues.org/House/Mark_Kennedy.htm
Patrick Kennedy	http://www.ontheissues.org/House/Patrick_Kennedy.htm
Ted Kennedy	http://www.ontheissues.org/Senate/Ted_Kennedy.htm
Barbara Bailey Kennelly	http://www.ontheissues.org/House/Barbara_Bailey_Kennelly.htm
Joseph Kernan	http://www.ontheissues.org/Joseph_Kernan.htm
Brian Kerns	http://www.ontheissues.org/IN/Brian_Kerns.htm
Bob Kerrey	http://www.ontheissues.org/Senate/Bob_Kerrey.htm
John Kerry	http://www.ontheissues.org/John_Kerry.htm
Alan Keyes	http://www.ontheissues.org/Alan_Keyes.htm
Dale Kildee	http://www.ontheissues.org/MI/Dale_Kildee.htm
Carolyn Kilpatrick	http://www.ontheissues.org/MI/Carolyn_Kilpatrick.htm
Jay Kim	http://www.ontheissues.org/CA/Jay_Kim.htm
Ron Kind	http://www.ontheissues.org/House/Ron_Kind.htm
Angus King	http://www.ontheissues.org/Angus_King.htm
Peter King	http://www.ontheissues.org/NY/Peter_King.htm
Steve King	http://www.OnTheIssues.org/House/Steve_King.htm
Jack Kingston	http://www.ontheissues.org/GA/Jack_Kingston.htm
Joel Kinstle	http://www.ontheissues.org/Senate2000/Joel_Kinstle.htm
Mark Kirk	http://www.ontheissues.org/IL/Mark_Kirk.htm
Ron Kirk	http://www.ontheissues.org/Senate/Ron_Kirk.htm
John Kitzhaber	http://www.ontheissues.org/John_Kitzhaber.htm
Jerry Kleczka	http://www.ontheissues.org/House/Jerry_Kleczka.htm
John Kline	http://www.OnTheIssues.org/House/John_Kline.htm
Ron Klink	http://www.ontheissues.org/PA/Ron_Klink.htm
Scott Klug	http://www.ontheissues.org/House/Scott_Klug.htm
Michael Knapik	http://www.MassScorecard.org/MA_Senate/Michael_Knapik.htm
Joe Knollenberg	http://www.ontheissues.org/MI/Joe_Knollenberg.htm
Tony Knowles	http://www.ontheissues.org/Tony_Knowles.htm
Herbert Kohl	http://www.ontheissues.org/Senate/Herbert_Kohl.htm
Jim Kolbe	http://www.ontheissues.org/House/Jim_Kolbe.htm
Dennis Kucinich	http://www.ontheissues.org/OH/Dennis_Kucinich.htm
Ted Kulongoski	http://www.ontheissues.org/Ted_Kulongoski.htm
Steven Kuykendall	http://www.ontheissues.org/CA/Steven_Kuykendall.htm
Jon Kyl	http://www.ontheissues.org/Senate/Jon_Kyl.htm
John LaFalce	http://www.ontheissues.org/NY/John_LaFalce.htm
Ray LaHood	http://www.ontheissues.org/IL/Ray_LaHood.htm
Nicholas Lampson	http://www.ontheissues.org/TX/Nicholas_Lampson.htm
Mary Landrieu	http://www.ontheissues.org/Senate/Mary_Landrieu.htm
James Langevin	http://www.ontheissues.org/House/James_Langevin.htm
Tom Lantos	http://www.ontheissues.org/CA/Tom_Lantos.htm
Steve Largent	http://www.ontheissues.org/House/Steve_Largent.htm
Rick Larsen	http://www.ontheissues.org/House/Rick_Larsen.htm
John Larson	http://www.ontheissues.org/House/John_Larson.htm
Tom Latham	http://www.ontheissues.org/House/Tom_Latham.htm
Steven LaTourette	http://www.ontheissues.org/OH/Steven_LaTourette.htm
Frank Lautenberg	http://www.ontheissues.org/Senate/Frank_Lautenberg.htm
Philip Lawler	http://www.ontheissues.org/Senate2000/Philip_Lawler.htm
Mark Lawrence	http://www.ontheissues.org/Senate2000/Mark_Lawrence.htm
Rick Lazio	http://www.ontheissues.org/NY/Rick_Lazio.htm
Jim Leach	http://www.ontheissues.org/House/Jim_Leach.htm
Patrick Leahy	http://www.ontheissues.org/Senate/Patrick_Leahy.htm
Mike Leavitt	http://www.ontheissues.org/Mike_Leavitt.htm
Barbara Lee	http://www.ontheissues.org/CA/Barbara_Lee.htm
Sheila Jackson Lee	http://www.ontheissues.org/TX/Sheila_Jackson_Lee.htm
Brian Lees	http://www.MassScorecard.org/MA_Senate/Brian_Lees.htm
Carl Levin	http://www.ontheissues.org/Senate/Carl_Levin.htm
Sander Levin	http://www.ontheissues.org/MI/Sander_Levin.htm
Al Lewis	http://www.issues2000.org/Al_Lewis.htm
Jerry Lewis	http://www.ontheissues.org/CA/Jerry_Lewis.htm
John Lewis	http://www.ontheissues.org/GA/John_Lewis.htm
Ron Lewis	http://www.ontheissues.org/House/Ron_Lewis.htm
Joseph Lieberman	http://www.ontheissues.org/Joseph_Lieberman.htm
Gail Lightfoot	http://www.ontheissues.org/Senate2000/Gail_Lightfoot.htm
Jim Lightfoot	http://www.ontheissues.org/House/Jim_Lightfoot.htm
Rush Limbaugh	http://www.ontheissues.org/Rush_Limbaugh.htm
Blanche Lambert Lincoln	http://www.ontheissues.org/Senate/Blanche_Lambert_Lincoln
John Linder	http://www.ontheissues.org/GA/John_Linder.htm
Martin Lindstedt	http://www.ontheissues.org/Senate2000/Martin_Lindstedt_ht
Linda Lingle	http://www.ontheissues.org/Linda_Lingle.htm
William Lipinski	http://www.ontheissues.org/IL/William_Lipinski.htm
Bob Livingston	http://www.ontheissues.org/House/Bob_Livingston.htm
Frank LoBiondo	http://www.ontheissues.org/NJ/Frank_LoBiondo.htm
Gary Locke	http://www.ontheissues.org/Gary_Locke.htm
Zoe Lofgren	http://www.ontheissues.org/CA/Zoe_Lofgren.htm
Mel Logan	http://www.ontheissues.org/Senate2000/Mel_Logan.htm
Willie Logan	http://www.ontheissues.org/Senate2000/Willie_Logan.htm
Jim Longley	http://www.ontheissues.org/House/Jim_Longley.htm
Trent Lott	http://www.ontheissues.org/Senate/Trent_Lott.htm
Nita Lowey	http://www.ontheissues.org/NY/Nita_Lowey.htm
Frank Dean Lucas	http://www.ontheissues.org/House/Frank_Dean_Lucas.htm
Ken Lucas	http://www.ontheissues.org/House/Ken_Lucas.htm
Richard Lugar	http://www.ontheissues.org/Senate/Richard_Lugar.htm
Bill Luther	http://www.ontheissues.org/House/Bill_Luther.htm
Steve Lynch	http://www.ontheissues.org/MA/Steve_Lynch.htm
Paul MacGregor	http://www.ontheissues.org/Senate2000/Paul_MacGregor.htm
Connie Mack	http://www.ontheissues.org/Senate/Connie_Mack.htm
David Magnani	http://www.MassScorecard.org/MA_Senate/David_Magnani.htm
Denise Majette	http://www.OnTheIssues.org/GA/Denise_Majette.htm
Carolyn Maloney	http://www.ontheissues.org/NY/Carolyn_Maloney.htm
Jim Maloney	http://www.ontheissues.org/House/Jim_Maloney.htm
Donald Manzullo	http://www.ontheissues.org/IL/Donald_Manzullo.htm
Ed Markey	http://www.ontheissues.org/MA/Ed_Markey.htm
Jim Marshall	http://www.OnTheIssues.org/GA/Jim_Marshall.htm
Tom Martin	http://www.ontheissues.org/PA/Tom_Martin.htm
Marty Martinez	http://www.ontheissues.org/CA/Marty_Martine.htmz
Mel Martinez	http://www.ontheissues.org/Mel_Martine.htmz
Judy Martz	http://www.ontheissues.org/Judy_Mart.htmz
Frank Mascara	http://www.ontheissues.org/PA/Frank_Mascara.htm
Jim Matheson	http://www.ontheissues.org/House/Jim_Matheson.htm
Robert Matsui	http://www.ontheissues.org/CA/Robert_Matsui.htm
Mack Mattingly	http://www.ontheissues.org/Senate2000/Mack_Mattingly.htm
Charlie Matulka	http://www.issues2000.org/Charlie_Matulka.htm
John McAlister	http://www.ontheissues.org/Senate2000/John_McAlister.htm
John McCain	http://www.ontheissues.org/Senate/John_McCain.htm
Scott McCallum	http://www.ontheissues.org/Scott_McCallum.htm
Carolyn McCarthy	http://www.ontheissues.org/NY/Carolyn_McCarthy.htm
Karen McCarthy	http://www.ontheissues.org/House/Karen_McCarthy.htm
Betty McCollum	http://www.ontheissues.org/House/Betty_McCollum.htm
Bill McCollum	http://www.ontheissues.org/FL/Bill_McCollum.htm
Mitch McConnell	http://www.ontheissues.org/Senate/Mitch_McConnell.htm
Thad McCotter	http://www.OnTheIssues.org/MI/Thad_McCotter.htm
Jim McCrery	http://www.ontheissues.org/House/Jim_McCrery.htm
Joe McDade	http://www.ontheissues.org/PA/Joe_McDade.htm
Jim McDermott	http://www.ontheissues.org/House/Jim_McDermott.htm
Thomas McGee	http://www.MassScorecard.org/MA_Senate/Thomas_McGee.htm
Jim McGovern	http://www.ontheissues.org/MA/Jim_McGovern.htm
Jim McGreevey	http://www.ontheissues.org/Jim_McGreevey.htm
John McHugh	http://www.ontheissues.org/NY/John_McHugh.htm
Scott McInnis	http://www.ontheissues.org/House/Scott_McInnis.htm
David McIntosh	http://www.ontheissues.org/IN/David_McIntosh.htm
Mike McIntyre	http://www.ontheissues.org/NC/Mike_McIntyre.htm
Kevin McKeigue	http://www.ontheissues.org/Senate2000/Kevin_McKeigue.htm
Buck McKeon	http://www.ontheissues.org/CA/Buck_McKeon.htm
Cynthia McKinney	http://www.ontheissues.org/GA/Cynthia_McKinney.htm
Michael McNulty	http://www.ontheissues.org/NY/Michael_McNulty.htm
Marty Meehan	http://www.ontheissues.org/MA/Marty_Meehan.htm
Carrie Meek	http://www.ontheissues.org/FL/Carrie_Meek.htm
Kendrick Meek	http://www.OnTheIssues.org/FL/Kendrick_Meek.htm
Gregory Meeks	http://www.ontheissues.org/NY/Gregory_Meeks.htm
Linda Melconian	http://www.MassScorecard.org/MA_Senate/Linda_Melconian.htm
Joan Menard	http://www.MassScorecard.org/MA_Senate/Joan_Menard.htm
Robert Menendez	http://www.ontheissues.org/NJ/Robert_Menende.htmz
Jack Metcalf	http://www.ontheissues.org/House/Jack_Metcalf.htm
Jan Meyers	http://www.ontheissues.org/House/Jan_Meyers.htm
John Mica	http://www.ontheissues.org/FL/John_Mica.htm
Michael Michaud	http://www.OnTheIssues.org/House/Michael_Michaud.htm
Barbara Mikulski	http://www.ontheissues.org/Senate/Barbara_Mikulski.htm
Juanita Millender-McDonald	http://www.ontheissues.org/CA/Juanita_Millender-McDonald_
Brad Miller	http://www.OnTheIssues.org/NC/Brad_Miller.htm
Candice Miller	http://www.OnTheIssues.org/MI/Candice_Miller.htm
Dan Miller	http://www.ontheissues.org/FL/Dan_Miller.htm
Gary Miller	http://www.ontheissues.org/CA/Gary_Miller.htm
George Miller	http://www.ontheissues.org/CA/George_Miller.htm
Jeff Miller	http://www.ontheissues.org/FL/Jeff_Miller.htm
Zell Miller	http://www.ontheissues.org/Senate/Zell_Miller.htm
Norman Mineta	http://www.ontheissues.org/Norman_Mineta.htm
David Minge	http://www.ontheissues.org/House/David_Minge.htm
Patsy Mink	http://www.ontheissues.org/House/Patsy_Mink.htm
Ruth Ann Minner	http://www.ontheissues.org/Ruth_Ann_Minner.htm
Joe Moakley	http://www.ontheissues.org/MA/Joe_Moakley.htm
Susan Molinari	http://www.ontheissues.org/NY/Susan_Molinari.htm
Alan Mollohan	http://www.ontheissues.org/House/Alan_Mollohan.htm
Walter Mondale	http://www.ontheissues.org/Walter_Mondale.htm
Mark Montigny	http://www.MassScorecard.org/MA_Senate/Mark_Montigny.htm
Dennis Moore	http://www.ontheissues.org/House/Dennis_Moore.htm
Richard Moore	http://www.MassScorecard.org/MA_Senate/Richard_Moore.htm
Carlos Moorhead	http://www.ontheissues.org/CA/Carlos_Moorhead.htm
James Moran	http://www.ontheissues.org/VA/James_Moran.htm
Jerry Moran	http://www.ontheissues.org/House/Jerry_Moran.htm
Connie Morella	http://www.ontheissues.org/House/Connie_Morella.htm
Michael Morrissey	http://www.MassScorecard.org/MA_Senate/Michael_Morrissey.htm
Carol Moseley-Braun	http://www.ontheissues.org/Senate/Carol_Moseley-Braun.htm
Pat Moynihan	http://www.ontheissues.org/Senate/Pat_Moynihan.htm
Frank Murkowski	http://www.ontheissues.org/Senate/Frank_Murkowski.htm
Lisa Murkowski	http://www.ontheissues.org/Senate/Lisa_Murkowski.htm
Tim Murphy	http://www.OnTheIssues.org/PA/Tim_Murphy.htm
Patty Murray	http://www.ontheissues.org/Senate/Patty_Murray.htm
Therese Murray	http://www.MassScorecard.org/MA_Senate/Therese_Murray.htm
John Murtha	http://www.ontheissues.org/PA/John_Murtha.htm
Marilyn Musgrave	http://www.OnTheIssues.org/House/Marilyn_Musgrave.htm
Ronnie Musgrove	http://www.ontheissues.org/Ronnie_Musgrove.htm
John Myers	http://www.ontheissues.org/IN/John_Myers.htm
Sue Myrick	http://www.ontheissues.org/NC/Sue_Myrick.htm
Ralph Nader	http://www.ontheissues.org/Ralph_Nader.htm
Jerrold Nadler	http://www.ontheissues.org/NY/Jerrold_Nadler.htm
Grace Napolitano	http://www.ontheissues.org/CA/Grace_Napolitano.htm
Lewis Napper	http://www.ontheissues.org/Senate2000/Lewis_Napper.htm
Richard Neal	http://www.ontheissues.org/MA/Richard_Neal.htm
Ben Nelson	http://www.ontheissues.org/Senate/Ben_Nelson.htm
Bill Nelson	http://www.ontheissues.org/Senate/Bill_Nelson.htm
George Nethercutt	http://www.ontheissues.org/House/George_Nethercutt.htm
Randy Neugebauer	http://www.OnTheIssues.org/TX/Randy_Neugebauer.htm
Mark Neumann	http://www.ontheissues.org/House/Mark_Neumann.htm
Bob Ney	http://www.ontheissues.org/OH/Bob_Ney.htm
Don Nickles	http://www.ontheissues.org/Senate/Don_Nickles.htm
Richard Nixon	http://www.ontheissues.org/Richard_Nixon.htm
Anne Meagher Northup	http://www.ontheissues.org/House/Anne_Northup.htm
Eleanor Holmes Norton	http://www.ontheissues.org/House/Eleanor_Holmes_Norton_ht
Gale Norton	http://www.ontheissues.org/Gale_Norton.htm
Charlie Norwood	http://www.ontheissues.org/GA/Charlie_Norwood.htm
Andrea Nuciforo	http://www.MassScorecard.org/MA_Senate/Andrea_Nuciforo.htm
Devin Nunes	http://www.OnTheIssues.org/CA/Devin_Nunes.htm
Sam Nunn	http://www.ontheissues.org/Senate/Sam_Nunn.htm
Jim Nussle	http://www.ontheissues.org/House/Jim_Nussle.htm
Frank O'Bannon	http://www.ontheissues.org/Frank_O_Bannon.htm
James Oberstar	http://www.ontheissues.org/House/James_Oberstar.htm
David Obey	http://www.ontheissues.org/House/David_Obey.htm
Shannon O'Brien	http://www.ontheissues.org/Shannon_O" brien.htm'="
Sandra Day O'Connor	http://www.ontheissues.org/Sandra_Day_O_Connor.htm
Shawn OHara	http://www.ontheissues.org/Senate2000/Shawn_OHara.htm
Robert O`Leary	http://www.MassScorecard.org/MA_Senate/Robert_O" leary.htm'="
John Olver	http://www.ontheissues.org/MA/John_Olver.htm
Paul O'Neill	http://www.ontheissues.org/Paul_O_Neill.htm
Solomon Ortiz	http://www.ontheissues.org/TX/Solomon_Orti.htmz
Tom Osborne	http://www.ontheissues.org/House/Tom_Osborne.htm
Doug Ose	http://www.ontheissues.org/CA/Doug_Ose.htm
Butch Otter	http://www.ontheissues.org/House/Butch_Otter.htm
Bill Owens	http://www.ontheissues.org/Bill_Owens.htm
Major Owens	http://www.ontheissues.org/NY/Major_Owens.htm
David Ownby	http://www.ontheissues.org/Senate2000/David_Ownby.htm
Michael Oxley	http://www.ontheissues.org/OH/Michael_Oxley.htm
Marc Pacheco	http://www.MassScorecard.org/MA_Senate/Marc_Pacheco.htm
Ron Packard	http://www.ontheissues.org/CA/Ron_Packard.htm
Rod Paige	http://www.ontheissues.org/Rod_Paige.htm
Frank Pallone	http://www.ontheissues.org/NJ/Frank_Pallone.htm
Steven Panagiotakos	http://www.MassScorecard.org/MA_Senate/Steven_Panagiotakos.htm
Susan Parker	http://www.issues2000.org/Susan_Parker.htm
Democratic Party	http://www.ontheissues.org/Democratic_Party.htm
Green Party	http://www.ontheissues.org/Green_Party.htm
Libertarian Party	http://www.ontheissues.org/Libertarian_Party.htm
Natural Law Party	http://www.ontheissues.org/Natural_Law_Party.htm
Reform Party	http://www.ontheissues.org/Reform_Party.htm
Republican Party	http://www.ontheissues.org/Republican_Party.htm
Bill Pascrell	http://www.ontheissues.org/NJ/Bill_Pascrell.htm
Ed Pastor	http://www.ontheissues.org/House/Ed_Pastor.htm
George Pataki	http://www.ontheissues.org/George_Pataki.htm
Paul Patton	http://www.ontheissues.org/Paul_Patton.htm
Ron Paul	http://www.ontheissues.org/TX/Ron_Paul.htm
Tim Pawlenty	http://www.ontheissues.org/Tim_Pawlenty.htm
Bill Paxon	http://www.ontheissues.org/NY/Bill_Paxon.htm
Donald Payne	http://www.ontheissues.org/NJ/Donald_Payne.htm
Steven Pearce	http://www.OnTheIssues.org/House/Steven_Pearce.htm
Ed Pease	http://www.ontheissues.org/IN/Ed_Pease.htm
Claiborne Pell	http://www.ontheissues.org/Senate/Claiborne_Pell.htm
Nancy Pelosi	http://www.ontheissues.org/CA/Nancy_Pelosi.htm
Mike Pence	http://www.ontheissues.org/IN/Mike_Pence.htm
Sonny Perdue	http://www.ontheissues.org/Sonny_Perdue.htm
Ross Perot	http://www.ontheissues.org/Ross_Perot.htm
Rick Perry	http://www.ontheissues.org/Rick_Perry.htm
Collin Peterson	http://www.ontheissues.org/House/Collin_Peterson.htm
John Peterson	http://www.ontheissues.org/PA/John_Peterson.htm
Tim Peterson	http://www.ontheissues.org/Senate2000/Tim_Peterson.htm
Tom Petri	http://www.ontheissues.org/House/Tom_Petri.htm
David Phelps	http://www.ontheissues.org/IL/David_Phelps.htm
Howard Phillips	http://www.ontheissues.org/Howard_Phillips.htm
Chip Pickering	http://www.ontheissues.org/House/Chip_Pickering.htm
Owen Pickett	http://www.ontheissues.org/VA/Owen_Pickett.htm
Chellie Pingree	http://www.issues2000.org/Chellie_Pingree.htm
Joseph Pitts	http://www.ontheissues.org/PA/Joseph_Pitts.htm
Todd Platts	http://www.ontheissues.org/PA/Todd_Platts.htm
Richard Pombo	http://www.ontheissues.org/CA/Richard_Pombo.htm
Earl Pomeroy	http://www.ontheissues.org/House/Earl_Pomeroy.htm
John Porter	http://www.ontheissues.org/IL/John_Porter.htm
Jon Porter	http://www.OnTheIssues.org/House/Jon_Porter.htm
Rob Portman	http://www.ontheissues.org/OH/Rob_Portman.htm
Glenn Poshard	http://www.ontheissues.org/IL/Glenn_Poshard.htm
Colin Powell	http://www.ontheissues.org/Colin_Powell.htm
Larry Pressler	http://www.ontheissues.org/Senate/Larry_Pressler.htm
David Eugene Price	http://www.ontheissues.org/NC/David_Eugene_Price.htm
Anthony Principi	http://www.ontheissues.org/Anthony_Principi.htm
Deborah Pryce	http://www.ontheissues.org/OH/Deborah_Pryce.htm
David Pryor	http://www.ontheissues.org/Senate/David_Pryor.htm
Mark Pryor	http://www.issues2000.org/Mark_Pryor.htm
Adam Putnam	http://www.ontheissues.org/FL/Adam_Putnam.htm
Dan Quayle	http://www.ontheissues.org/Dan_Quayle.htm
James Quillen	http://www.ontheissues.org/House/James_Quillen.htm
Jack Quinn	http://www.ontheissues.org/NY/Jack_Quinn.htm
Marc Racicot	http://www.ontheissues.org/Marc_Racicot.htm
Rocky Raczkowski	http://www.issues2000.org/Rocky_Raczkowski.htm
George Radanovich	http://www.ontheissues.org/CA/George_Radanovich.htm
Nick Rahall	http://www.ontheissues.org/House/Nick_Rahall.htm
Jim Ramstad	http://www.ontheissues.org/House/Jim_Ramstad.htm
Charles Rangel	http://www.ontheissues.org/NY/Charles_Rangel.htm
Sam Rankin	http://www.ontheissues.org/Senate2000/Sam_Rankin.htm
Paul Rappaport	http://www.ontheissues.org/Senate2000/Paul_Rappaport.htm
Ronald Reagan	http://www.ontheissues.org/Ronald_Reagan.htm
William Redmond	http://www.ontheissues.org/Senate2000/William_Redmond.htm
Jack Reed	http://www.ontheissues.org/Senate/Jack_Reed.htm
Brian Rees	http://www.ontheissues.org/Senate2000/Brian_Rees.htm
Ralph Regula	http://www.ontheissues.org/OH/Ralph_Regula.htm
Dennis Rehberg	http://www.ontheissues.org/House/Dennis_Rehberg.htm
William Rehnquist	http://www.ontheissues.org/William_Rehnquist.htm
Robert Reich	http://www.ontheissues.org/Robert_Reich.htm
Harry Reid	http://www.ontheissues.org/Senate/Harry_Reid.htm
Ed Rendell	http://www.ontheissues.org/Ed_Rendell.htm
Janet Reno	http://www.ontheissues.org/Janet_Reno.htm
Rick Renzi	http://www.OnTheIssues.org/House/Rick_Renzi.htm
Pamela Resor	http://www.MassScorecard.org/MA_Senate/Pamela_Resor.htm
Silvestre Reyes	http://www.ontheissues.org/TX/Silvestre_Reyes.htm
Thomas Reynolds	http://www.ontheissues.org/NY/Thomas_Reynolds.htm
Bill Richardson	http://www.ontheissues.org/Bill_Richardson.htm
Tom Ridge	http://www.ontheissues.org/Tom_Ridge.htm
Frank Riggs	http://www.ontheissues.org/CA/Frank_Riggs.htm
Bob Riley	http://www.ontheissues.org/House/Bob_Riley.htm
Robert Riley	http://www.ontheissues.org/Robert_Riley.htm
Lynn Nancy Rivers	http://www.ontheissues.org/MI/Lynn_Rivers.htm
Charles Robb	http://www.ontheissues.org/Senate/Charles_Robb.htm
Pat Roberts	http://www.ontheissues.org/Senate/Pat_Roberts.htm
Jack Robinson	http://www.ontheissues.org/Senate2000/Jack_Robinson.htm
John Rockefeller	http://www.ontheissues.org/Senate/John_Rockefeller.htm
Ciro Rodriguez	http://www.ontheissues.org/TX/Ciro_Rodrigue.htmz
Tim Roemer	http://www.ontheissues.org/IN/Tim_Roemer.htm
James Rogan	http://www.ontheissues.org/CA/James_Rogan.htm
Hal Rogers	http://www.ontheissues.org/House/Hal_Rogers.htm
Mike Rogers	http://www.ontheissues.org/MI/Mike_Rogers.htm
Dana Rohrabacher	http://www.ontheissues.org/CA/Dana_Rohrabacher.htm
Stanley Rosenberg	http://www.MassScorecard.org/MA_Senate/Stanley_Rosenberg.htm
Ileana Ros-Lehtinen	http://www.ontheissues.org/FL/Ileana_Ros-Lehtinen.htm
Mike Ross	http://www.ontheissues.org/House/Mike_Ross.htm
Toby Roth	http://www.ontheissues.org/House/Toby_Roth.htm
William Roth	http://www.ontheissues.org/Senate/William_Roth.htm
Steven Rothman	http://www.ontheissues.org/NJ/Steven_Rothman.htm
Marge Roukema	http://www.ontheissues.org/NJ/Marge_Roukema.htm
Mike Rounds	http://www.ontheissues.org/Mike_Rounds.htm
John Rowland	http://www.ontheissues.org/John_Rowland.htm
Lucille Roybal-Allard	http://www.ontheissues.org/CA/Lucille_Roybal-Allard.htm
Ed Royce	http://www.ontheissues.org/CA/Ed_Royce.htm
Peter Ruane	http://www.ontheissues.org/Senate2000/Peter_Ruane.htm
Donald Rumsfeld	http://www.ontheissues.org/Donald_Rumsfeld.htm
Dutch Ruppersberger	http://www.OnTheIssues.org/House/Dutch_Ruppersberger.htm
Bobby Rush	http://www.ontheissues.org/IL/Bobby_Rush.htm
Mary Ruwart	http://www.ontheissues.org/Senate2000/Mary_Ruwart.htm
George Ryan	http://www.ontheissues.org/George_Ryan.htm
Paul Ryan	http://www.ontheissues.org/House/Paul_Ryan.htm
Tim Ryan	http://www.OnTheIssues.org/OH/Tim_Ryan.htm
Jim Ryun	http://www.ontheissues.org/House/Jim_Ryun.htm
Martin Sabo	http://www.ontheissues.org/House/Martin_Sabo.htm
Matt Salmon	http://www.ontheissues.org/House/Matt_Salmon.htm
Linda Sanchez	http://www.OnTheIssues.org/CA/Linda_Sanchez.htm
Loretta Sanchez	http://www.ontheissues.org/CA/Loretta_Sanche.htmz
Duane Sand	http://www.ontheissues.org/Senate2000/Duane_Sand.htm
Douglas Sandage	http://www.ontheissues.org/Senate2000/Douglas_Sandage.htm
Alex Sanders	http://www.ontheissues.org/Senate/Alex_Sanders.htm
Bernie Sanders	http://www.ontheissues.org/House/Bernie_Sanders.htm
Max Sandlin	http://www.ontheissues.org/TX/Max_Sandlin.htm
Mark Sanford	http://www.ontheissues.org/Mark_Sanford.htm
Rick Santorum	http://www.ontheissues.org/Senate/Rick_Santorum.htm
Paul Sarbanes	http://www.ontheissues.org/Senate/Paul_Sarbanes.htm
Tom Sawyer	http://www.ontheissues.org/OH/Tom_Sawyer.htm
Jim Saxton	http://www.ontheissues.org/NJ/Jim_Saxton.htm
Antonin Scalia	http://www.ontheissues.org/Antonin_Scalia.htm
Joe Scarborough	http://www.ontheissues.org/FL/Joe_Scarborough.htm
Dan Schaefer	http://www.ontheissues.org/House/Dan_Schaefer.htm
Edward Schafer	http://www.ontheissues.org/Edward_Schafer.htm
Bob Schaffer	http://www.ontheissues.org/House/Bob_Schaffer.htm
Jan Schakowsky	http://www.ontheissues.org/IL/Jan_Schakowsky.htm
Adam Schiff	http://www.ontheissues.org/CA/Adam_Schiff.htm
Edward Schrock	http://www.ontheissues.org/VA/Edward_Schrock.htm
Charles Schumer	http://www.ontheissues.org/Senate/Charles_Schumer.htm
Bret Schundler	http://www.ontheissues.org/Bret_Schundler.htm
Mark Schweiker	http://www.ontheissues.org/Mark_Schweiker.htm
Brian Schweitzer	http://www.ontheissues.org/Senate2000/Brian_Schweitzer_ht
Bobby Scott	http://www.ontheissues.org/VA/Bobby_Scott.htm
David Scott	http://www.OnTheIssues.org/GA/David_Scott.htm
Andrea Seastrand	http://www.ontheissues.org/CA/Andrea_Seastrand.htm
James Sensenbrenner	http://www.ontheissues.org/House/James_Sensenbrenner.htm
Jose Serrano	http://www.ontheissues.org/NY/Jose_Serrano.htm
Jeff Sessions	http://www.ontheissues.org/Senate/Jeff_Sessions.htm
Pete Sessions	http://www.ontheissues.org/TX/Pete_Sessions.htm
John Shadegg	http://www.ontheissues.org/House/John_Shadegg.htm
Jeanne Shaheen	http://www.ontheissues.org/Jeanne_Shaheen.htm
Charles Shannon	http://www.MassScorecard.org/MA_Senate/Charles_Shannon.htm
Al Sharpton	http://www.ontheissues.org/Al_Sharpton.htm
Clay Shaw	http://www.ontheissues.org/FL/Clay_Shaw.htm
Christopher Shays	http://www.ontheissues.org/House/Christopher_Shays.htm
Richard Shelby	http://www.ontheissues.org/Senate/Richard_Shelby.htm
Brad Sherman	http://www.ontheissues.org/CA/Brad_Sherman.htm
Don Sherwood	http://www.ontheissues.org/PA/Don_Sherwood.htm
John Shimkus	http://www.ontheissues.org/IL/John_Shimkus.htm
Ronnie Shows	http://www.ontheissues.org/House/Ronnie_Shows.htm
Bud Shuster	http://www.ontheissues.org/PA/Bud_Shuster.htm
Don Siegelman	http://www.ontheissues.org/Don_Siegelman.htm
Rob Simmons	http://www.ontheissues.org/House/Rob_Simmons.htm
Paul Simon	http://www.ontheissues.org/Senate/Paul_Simon.htm
Alan Simpson	http://www.ontheissues.org/Senate/Alan_Simpson.htm
Mike Simpson	http://www.ontheissues.org/House/Mike_Simpson.htm
Norman Sisisky	http://www.ontheissues.org/VA/Norman_Sisisky.htm
David Skaggs	http://www.ontheissues.org/House/David_Skaggs.htm
Joe Skeen	http://www.ontheissues.org/House/Joe_Skeen.htm
Ike Skelton	http://www.ontheissues.org/House/Ike_Skelton.htm
Louise Slaughter	http://www.ontheissues.org/NY/Louise_Slaughter.htm
Bob Smith	http://www.ontheissues.org/Senate/Bob_Smith.htm
Christopher Smith	http://www.ontheissues.org/NJ/Christopher_Smith.htm
David Adam Smith	http://www.ontheissues.org/House/David_Adam_Smith.htm
Gordon Harold Smith	http://www.ontheissues.org/Senate/Gordon_Harold_Smith.htm
Lamar Smith	http://www.ontheissues.org/TX/Lamar_Smith.htm
Linda Smith	http://www.ontheissues.org/House/Linda_Smith.htm
Nick Smith	http://www.ontheissues.org/MI/Nick_Smith.htm
Olympia Snowe	http://www.ontheissues.org/Senate/Olympia_Snowe.htm
Vic Snyder	http://www.ontheissues.org/House/Vic_Snyder.htm
Hilda Solis	http://www.ontheissues.org/CA/Hilda_Solis.htm
Gerald Solomon	http://www.ontheissues.org/NY/Gerald_Solomon.htm
Mark Souder	http://www.ontheissues.org/IN/Mark_Souder.htm
David Souter	http://www.ontheissues.org/David_Souter.htm
Arlen Specter	http://www.ontheissues.org/Senate/Arlen_Specter.htm
Floyd Spence	http://www.ontheissues.org/House/Floyd_Spence.htm
JoAnn Sprague	http://www.MassScorecard.org/MA_Senate/JoAnn_Sprague.htm
John Spratt	http://www.ontheissues.org/House/John_Spratt.htm
Debbie Stabenow	http://www.ontheissues.org/Senate/Debbie_Stabenow.htm
Pete Stark	http://www.ontheissues.org/CA/Pete_Stark.htm
Stuart Starky	http://www.ontheissues.org/Senate2000/Stuart_Starky.htm
Grant Stauffer	http://www.ontheissues.org/Senate2000/Grant_Stauffer.htm
Cliff Stearns	http://www.ontheissues.org/FL/Cliff_Stearns.htm
Don Stenberg	http://www.issues2000.org/Don_Stenberg.htm
Charles Stenholm	http://www.ontheissues.org/TX/Charles_Stenholm.htm
John Paul Stevens	http://www.ontheissues.org/John_Paul_Stevens.htm
Ted Stevens	http://www.ontheissues.org/Senate/Ted_Stevens.htm
Steve Stockman	http://www.ontheissues.org/TX/Steve_Stockman.htm
Ted Strickland	http://www.ontheissues.org/OH/Ted_Strickland.htm
Tom Strickland	http://www.issues2000.org/Tom_Strickland.htm
Bob Stump	http://www.ontheissues.org/House/Bob_Stump.htm
Bart Stupak	http://www.ontheissues.org/MI/Bart_Stupak.htm
Don Sundquist	http://www.ontheissues.org/Don_Sundquist.htm
Tauese Sunia	http://www.ontheissues.org/Tauese_Sunia.htm
John Sununu	http://www.ontheissues.org/House/John_Sununu.htm
John Sweeney	http://www.ontheissues.org/NY/John_Sweeney.htm
Jane Swift	http://www.ontheissues.org/Jane_Swift.htm
Bob Taft	http://www.ontheissues.org/Bob_Taft.htm
Jim Talent	http://www.ontheissues.org/House/Jim_Talent.htm
Tom Tancredo	http://www.ontheissues.org/House/Tom_Tancredo.htm
John Tanner	http://www.ontheissues.org/House/John_Tanner.htm
Bruce Tarr	http://www.MassScorecard.org/MA_Senate/Bruce_Tarr.htm
Randy Tate	http://www.ontheissues.org/House/Randy_Tate.htm
Ellen Tauscher	http://www.ontheissues.org/CA/Ellen_Tauscher.htm
Billy Tauzin	http://www.ontheissues.org/House/Billy_Tauzin.htm
Charles Taylor	http://www.ontheissues.org/NC/Charles_Taylor.htm
Gene Taylor	http://www.ontheissues.org/House/Gene_Taylor.htm
Mike Taylor	http://www.issues2000.org/Mike_Taylor.htm
Diane Templin	http://www.issues2000.org/Diane_Templin.htm
Pedro Tenorio	http://www.ontheissues.org/Pedro_Tenorio.htm
Lee Terry	http://www.ontheissues.org/House/Lee_Terry.htm
Bill Thomas	http://www.ontheissues.org/CA/Bill_Thomas.htm
Clarence Thomas	http://www.ontheissues.org/Clarence_Thomas.htm
Craig Thomas	http://www.ontheissues.org/Senate/Craig_Thomas.htm
Thomas Thomassian	http://www.issues2000.org/Thomas_Thomassian.htm
Bennie Thompson	http://www.ontheissues.org/House/Bennie_Thompson.htm
Fred Thompson	http://www.ontheissues.org/Senate/Fred_Thompson.htm
Mike Thompson	http://www.ontheissues.org/CA/Mike_Thompson.htm
Tommy Thompson	http://www.ontheissues.org/Tommy_Thompson.htm
Mac Thornberry	http://www.ontheissues.org/TX/Mac_Thornberry.htm
John Thune	http://www.ontheissues.org/House/John_Thune.htm
Karen Thurman	http://www.ontheissues.org/FL/Karen_Thurman.htm
Strom Thurmond	http://www.ontheissues.org/Senate/Strom_Thurmond.htm
Todd Tiahrt	http://www.ontheissues.org/House/Todd_Tiahrt.htm
Pat Tiberi	http://www.ontheissues.org/OH/Pat_Tiberi.htm
John Tierney	http://www.ontheissues.org/MA/John_Tierney.htm
Bob Tingle	http://www.issues2000.org/Bob_Tingle.htm
Richard Tisei	http://www.MassScorecard.org/MA_Senate/Richard_Tisei.htm
Steven Tolman	http://www.MassScorecard.org/MA_Senate/Steven_Tolman.htm
Warren Tolman	http://www.ontheissues.org/Warren_Tolman.htm
Pat Toomey	http://www.ontheissues.org/PA/Pat_Toomey.htm
Peter Torkildsen	http://www.ontheissues.org/MA/Peter_Torkildsen.htm
Esteban Torres	http://www.ontheissues.org/CA/Esteban_Torres.htm
Bob Torricelli	http://www.ontheissues.org/Senate/Bob_Torricelli.htm
Ed Towns	http://www.ontheissues.org/NY/Ed_Towns.htm
Jim Traficant	http://www.ontheissues.org/OH/Jim_Traficant.htm
Robert Travaglini	http://www.MassScorecard.org/MA_Senate/Robert_Travaglini.htm
Gloria Tristani	http://www.issues2000.org/Gloria_Tristani.htm
Donald Trump	http://www.ontheissues.org/Donald_Trump.htm
Susan Tucker	http://www.MassScorecard.org/MA_Senate/Susan_Tucker.htm
Charles Turnbull	http://www.ontheissues.org/Charles_Turnbull.htm
Jim Turner	http://www.ontheissues.org/TX/Jim_Turner.htm
Mike Turner	http://www.OnTheIssues.org/OH/Mike_Turner.htm
Mark Udall	http://www.ontheissues.org/House/Mark_Udall.htm
Tom Udall	http://www.ontheissues.org/House/Tom_Udall.htm
Cecil Underwood	http://www.ontheissues.org/Cecil_Underwood.htm
Robert Underwood	http://www.ontheissues.org/House/Robert_Underwood.htm
Fred Upton	http://www.ontheissues.org/MI/Fred_Upton.htm
Chris Van Hollen	http://www.OnTheIssues.org/House/Chris_Van_Hollen.htm
Nydia Velazquez	http://www.ontheissues.org/NY/Nydia_Velazque.htmz
Ann Veneman	http://www.ontheissues.org/Ann_Veneman.htm
Bruce Vento	http://www.ontheissues.org/House/Bruce_Vento.htm
Jesse Ventura	http://www.ontheissues.org/Jesse_Ventura.htm
Tom Vilsack	http://www.ontheissues.org/Tom_Vilsack.htm
Peter Visclosky	http://www.ontheissues.org/IN/Peter_Visclosky.htm
David Vitter	http://www.ontheissues.org/House/David_Vitter.htm
George Voinovich	http://www.ontheissues.org/Senate/George_Voinovich.htm
Frank Vondersaar	http://www.issues2000.org/Frank_Vondersaar.htm
Barbara Vucanovich	http://www.ontheissues.org/House/Barbara_Vucanovich.htm
Greg Walden	http://www.ontheissues.org/House/Greg_Walden.htm
Enid Waldholtz	http://www.ontheissues.org/House/Enid_Waldholt.htmz
Olene Walker	http://www.ontheissues.org/Olene_Walker.htm
Robert Walker	http://www.ontheissues.org/PA/Robert_Walker.htm
Jim Walsh	http://www.ontheissues.org/NY/Jim_Walsh.htm
Marian Walsh	http://www.MassScorecard.org/MA_Senate/Marian_Walsh.htm
Winnie Walsh	http://www.ontheissues.org/Senate2000/Winnie_Walsh.htm
David Walters	http://www.issues2000.org/David_Walters.htm
Zach Wamp	http://www.ontheissues.org/House/Zach_Wamp.htm
John Warner	http://www.ontheissues.org/Senate/John_Warner.htm
Mark Warner	http://www.ontheissues.org/Mark_Warner.htm
Maxine Waters	http://www.ontheissues.org/CA/Maxine_Waters.htm
Wes Watkins	http://www.ontheissues.org/House/Wes_Watkins.htm
Diane Watson	http://www.ontheissues.org/CA/Diane_Watson.htm
Robert Watson	http://www.ontheissues.org/Senate2000/Robert_Watson.htm
Mel Watt	http://www.ontheissues.org/NC/Mel_Watt.htm
J.C. Watts	http://www.ontheissues.org/House/J_C__Watts.htm
Henry Waxman	http://www.ontheissues.org/CA/Henry_Waxman.htm
Louis Wein	http://www.ontheissues.org/Senate/Louis_Wein.htm
Lois Combs Weinberg	http://www.issues2000.org/Lois_Combs_Weinberg.htm
Anthony Weiner	http://www.ontheissues.org/NY/Anthony_Weiner.htm
Curt Weldon	http://www.ontheissues.org/PA/Curt_Weldon.htm
Dave Weldon	http://www.ontheissues.org/FL/Dave_Weldon.htm
Jerry Weller	http://www.ontheissues.org/IL/Jerry_Weller.htm
Paul Wellstone	http://www.ontheissues.org/Senate/Paul_Wellstone.htm
Robert Wexler	http://www.ontheissues.org/FL/Robert_Wexler.htm
Robert Weygand	http://www.ontheissues.org/Senate2000/Robert_Weygand.htm
Joseph Whelan	http://www.ontheissues.org/Senate2000/Joseph_Whelan.htm
Rick White	http://www.ontheissues.org/House/Rick_White.htm
Ed Whitfield	http://www.ontheissues.org/House/Ed_Whitfield.htm
Christie Todd Whitman	http://www.ontheissues.org/Christie_Todd_Whitman.htm
Roger Wicker	http://www.ontheissues.org/House/Roger_Wicker.htm
Dianne Wilkerson	http://www.MassScorecard.org/MA_Senate/Dianne_Wilkerson.htm
Heather Wilson	http://www.ontheissues.org/House/Heather_Wilson.htm
Bob Wise	http://www.ontheissues.org/Bob_Wise.htm
Frank Wolf	http://www.ontheissues.org/VA/Frank_Wolf.htm
Jay Wolfe	http://www.issues2000.org/Jay_Wolfe.htm
Bobby Wood	http://www.ontheissues.org/Senate2000/Bobby_Wood.htm
Lynn Woolsey	http://www.ontheissues.org/CA/Lynn_Woolsey.htm
David Wu	http://www.ontheissues.org/House/David_Wu.htm
Ron Wyden	http://www.ontheissues.org/Senate/Ron_Wyden.htm
Albert Wynn	http://www.ontheissues.org/House/Albert_Wynn.htm
Bill Young	http://www.ontheissues.org/FL/Bill_Young.htm
Don Young	http://www.ontheissues.org/House/Don_Young.htm
Bill Zeliff	http://www.ontheissues.org/House/Bill_Zeliff.htm
